[{
  "name": "Afghanistan",
  "alpha": "AFG",
  "code": "004"
}, {
  "name": "Åland Islands",
  "alpha": "ALA",
  "code": "248"
}, {
  "name": "Albania",
  "alpha": "ALB",
  "code": "008"
}, {
  "name": "Algeria",
  "alpha": "DZA",
  "code": "012"
}, {
  "name": "American Samoa",
  "alpha": "ASM",
  "code": "016"
}, {
  "name": "Andorra",
  "alpha": "AND",
  "code": "020"
}, {
  "name": "Angola",
  "alpha": "AGO",
  "code": "024"
}, {
  "name": "Anguilla",
  "alpha": "AIA",
  "code": "660"
}, {
  "name": "Antarctica",
  "alpha": "ATA",
  "code": "010"
}, {
  "name": "Antigua and Barbuda",
  "alpha": "ATG",
  "code": "028"
}, {
  "name": "Argentina",
  "alpha": "ARG",
  "code": "032"
}, {
  "name": "Armenia",
  "alpha": "ARM",
  "code": "051"
}, {
  "name": "Aruba",
  "alpha": "ABW",
  "code": "533"
}, {
  "name": "Australia",
  "alpha": "AUS",
  "code": "036"
}, {
  "name": "Austria",
  "alpha": "AUT",
  "code": "040"
}, {
  "name": "Azerbaijan",
  "alpha": "AZE",
  "code": "031"
}, {
  "name": "Bahamas",
  "alpha": "BHS",
  "code": "044"
}, {
  "name": "Bahrain",
  "alpha": "BHR",
  "code": "048"
}, {
  "name": "Bangladesh",
  "alpha": "BGD",
  "code": "050"
}, {
  "name": "Barbados",
  "alpha": "BRB",
  "code": "052"
}, {
  "name": "Belarus",
  "alpha": "BLR",
  "code": "112"
}, {
  "name": "Belgium",
  "alpha": "BEL",
  "code": "056"
}, {
  "name": "Belize",
  "alpha": "BLZ",
  "code": "084"
}, {
  "name": "Benin",
  "alpha": "BEN",
  "code": "204"
}, {
  "name": "Bermuda",
  "alpha": "BMU",
  "code": "060"
}, {
  "name": "Bhutan",
  "alpha": "BTN",
  "code": "064"
}, {
  "name": "Bolivia (Plurinational State of)",
  "alpha": "BOL",
  "code": "068"
}, {
  "name": "Bonaire, Sint Eustatius and Saba",
  "alpha": "BES",
  "code": "535"
}, {
  "name": "Bosnia and Herzegovina",
  "alpha": "BIH",
  "code": "070"
}, {
  "name": "Botswana",
  "alpha": "BWA",
  "code": "072"
}, {
  "name": "Bouvet Island",
  "alpha": "BVT",
  "code": "074"
}, {
  "name": "Brazil",
  "alpha": "BRA",
  "code": "076"
}, {
  "name": "British Indian Ocean Territory",
  "alpha": "IOT",
  "code": "086"
}, {
  "name": "Brunei Darussalam",
  "alpha": "BRN",
  "code": "096"
}, {
  "name": "Bulgaria",
  "alpha": "BGR",
  "code": "100"
}, {
  "name": "Burkina Faso",
  "alpha": "BFA",
  "code": "854"
}, {
  "name": "Burundi",
  "alpha": "BDI",
  "code": "108"
}, {
  "name": "Cabo Verde",
  "alpha": "CPV",
  "code": "132"
}, {
  "name": "Cambodia",
  "alpha": "KHM",
  "code": "116"
}, {
  "name": "Cameroon",
  "alpha": "CMR",
  "code": "120"
}, {
  "name": "Canada",
  "alpha": "CAN",
  "code": "124"
}, {
  "name": "Cayman Islands",
  "alpha": "CYM",
  "code": "136"
}, {
  "name": "Central African Republic",
  "alpha": "CAF",
  "code": "140"
}, {
  "name": "Chad",
  "alpha": "TCD",
  "code": "148"
}, {
  "name": "Chile",
  "alpha": "CHL",
  "code": "152"
}, {
  "name": "China",
  "alpha": "CHN",
  "code": "156"
}, {
  "name": "Christmas Island",
  "alpha": "CXR",
  "code": "162"
}, {
  "name": "Cocos (Keeling) Islands",
  "alpha": "CCK",
  "code": "166"
}, {
  "name": "Colombia",
  "alpha": "COL",
  "code": "170"
}, {
  "name": "Comoros",
  "alpha": "COM",
  "code": "174"
}, {
  "name": "Congo",
  "alpha": "COG",
  "code": "178"
}, {
  "name": "Congo, Democratic Republic of the",
  "alpha": "COD",
  "code": "180"
}, {
  "name": "Cook Islands",
  "alpha": "COK",
  "code": "184"
}, {
  "name": "Costa Rica",
  "alpha": "CRI",
  "code": "188"
}, {
  "name": "Côte d'Ivoire",
  "alpha": "CIV",
  "code": "384"
}, {
  "name": "Croatia",
  "alpha": "HRV",
  "code": "191"
}, {
  "name": "Cuba",
  "alpha": "CUB",
  "code": "192"
}, {
  "name": "Curaçao",
  "alpha": "CUW",
  "code": "531"
}, {
  "name": "Cyprus",
  "alpha": "CYP",
  "code": "196"
}, {
  "name": "Czechia",
  "alpha": "CZE",
  "code": "203"
}, {
  "name": "Denmark",
  "alpha": "DNK",
  "code": "208"
}, {
  "name": "Djibouti",
  "alpha": "DJI",
  "code": "262"
}, {
  "name": "Dominica",
  "alpha": "DMA",
  "code": "212"
}, {
  "name": "Dominican Republic",
  "alpha": "DOM",
  "code": "214"
}, {
  "name": "Ecuador",
  "alpha": "ECU",
  "code": "218"
}, {
  "name": "Egypt",
  "alpha": "EGY",
  "code": "818"
}, {
  "name": "El Salvador",
  "alpha": "SLV",
  "code": "222"
}, {
  "name": "Equatorial Guinea",
  "alpha": "GNQ",
  "code": "226"
}, {
  "name": "Eritrea",
  "alpha": "ERI",
  "code": "232"
}, {
  "name": "Estonia",
  "alpha": "EST",
  "code": "233"
}, {
  "name": "Eswatini",
  "alpha": "SWZ",
  "code": "748"
}, {
  "name": "Ethiopia",
  "alpha": "ETH",
  "code": "231"
}, {
  "name": "Falkland Islands (Malvinas)",
  "alpha": "FLK",
  "code": "238"
}, {
  "name": "Faroe Islands",
  "alpha": "FRO",
  "code": "234"
}, {
  "name": "Fiji",
  "alpha": "FJI",
  "code": "242"
}, {
  "name": "Finland",
  "alpha": "FIN",
  "code": "246"
}, {
  "name": "France",
  "alpha": "FRA",
  "code": "250"
}, {
  "name": "French Guiana",
  "alpha": "GUF",
  "code": "254"
}, {
  "name": "French Polynesia",
  "alpha": "PYF",
  "code": "258"
}, {
  "name": "French Southern Territories",
  "alpha": "ATF",
  "code": "260"
}, {
  "name": "Gabon",
  "alpha": "GAB",
  "code": "266"
}, {
  "name": "Gambia",
  "alpha": "GMB",
  "code": "270"
}, {
  "name": "Georgia",
  "alpha": "GEO",
  "code": "268"
}, {
  "name": "Germany",
  "alpha": "DEU",
  "code": "276"
}, {
  "name": "Ghana",
  "alpha": "GHA",
  "code": "288"
}, {
  "name": "Gibraltar",
  "alpha": "GIB",
  "code": "292"
}, {
  "name": "Greece",
  "alpha": "GRC",
  "code": "300"
}, {
  "name": "Greenland",
  "alpha": "GRL",
  "code": "304"
}, {
  "name": "Grenada",
  "alpha": "GRD",
  "code": "308"
}, {
  "name": "Guadeloupe",
  "alpha": "GLP",
  "code": "312"
}, {
  "name": "Guam",
  "alpha": "GUM",
  "code": "316"
}, {
  "name": "Guatemala",
  "alpha": "GTM",
  "code": "320"
}, {
  "name": "Guernsey",
  "alpha": "GGY",
  "code": "831"
}, {
  "name": "Guinea",
  "alpha": "GIN",
  "code": "324"
}, {
  "name": "Guinea-Bissau",
  "alpha": "GNB",
  "code": "624"
}, {
  "name": "Guyana",
  "alpha": "GUY",
  "code": "328"
}, {
  "name": "Haiti",
  "alpha": "HTI",
  "code": "332"
}, {
  "name": "Heard Island and McDonald Islands",
  "alpha": "HMD",
  "code": "334"
}, {
  "name": "Holy See",
  "alpha": "VAT",
  "code": "336"
}, {
  "name": "Honduras",
  "alpha": "HND",
  "code": "340"
}, {
  "name": "Hong Kong",
  "alpha": "HKG",
  "code": "344"
}, {
  "name": "Hungary",
  "alpha": "HUN",
  "code": "348"
}, {
  "name": "Iceland",
  "alpha": "ISL",
  "code": "352"
}, {
  "name": "India",
  "alpha": "IND",
  "code": "356"
}, {
  "name": "Indonesia",
  "alpha": "IDN",
  "code": "360"
}, {
  "name": "Iran (Islamic Republic of)",
  "alpha": "IRN",
  "code": "364"
}, {
  "name": "Iraq",
  "alpha": "IRQ",
  "code": "368"
}, {
  "name": "Ireland",
  "alpha": "IRL",
  "code": "372"
}, {
  "name": "Isle of Man",
  "alpha": "IMN",
  "code": "833"
}, {
  "name": "Israel",
  "alpha": "ISR",
  "code": "376"
}, {
  "name": "Italy",
  "alpha": "ITA",
  "code": "380"
}, {
  "name": "Jamaica",
  "alpha": "JAM",
  "code": "388"
}, {
  "name": "Japan",
  "alpha": "JPN",
  "code": "392"
}, {
  "name": "Jersey",
  "alpha": "JEY",
  "code": "832"
}, {
  "name": "Jordan",
  "alpha": "JOR",
  "code": "400"
}, {
  "name": "Kazakhstan",
  "alpha": "KAZ",
  "code": "398"
}, {
  "name": "Kenya",
  "alpha": "KEN",
  "code": "404"
}, {
  "name": "Kiribati",
  "alpha": "KIR",
  "code": "296"
}, {
  "name": "Korea (Democratic People's Republic of)",
  "alpha": "PRK",
  "code": "408"
}, {
  "name": "Korea, Republic of",
  "alpha": "KOR",
  "code": "410"
}, {
  "name": "Kuwait",
  "alpha": "KWT",
  "code": "414"
}, {
  "name": "Kyrgyzstan",
  "alpha": "KGZ",
  "code": "417"
}, {
  "name": "Lao People's Democratic Republic",
  "alpha": "LAO",
  "code": "418"
}, {
  "name": "Latvia",
  "alpha": "LVA",
  "code": "428"
}, {
  "name": "Lebanon",
  "alpha": "LBN",
  "code": "422"
}, {
  "name": "Lesotho",
  "alpha": "LSO",
  "code": "426"
}, {
  "name": "Liberia",
  "alpha": "LBR",
  "code": "430"
}, {
  "name": "Libya",
  "alpha": "LBY",
  "code": "434"
}, {
  "name": "Liechtenstein",
  "alpha": "LIE",
  "code": "438"
}, {
  "name": "Lithuania",
  "alpha": "LTU",
  "code": "440"
}, {
  "name": "Luxembourg",
  "alpha": "LUX",
  "code": "442"
}, {
  "name": "Macao",
  "alpha": "MAC",
  "code": "446"
}, {
  "name": "Madagascar",
  "alpha": "MDG",
  "code": "450"
}, {
  "name": "Malawi",
  "alpha": "MWI",
  "code": "454"
}, {
  "name": "Malaysia",
  "alpha": "MYS",
  "code": "458"
}, {
  "name": "Maldives",
  "alpha": "MDV",
  "code": "462"
}, {
  "name": "Mali",
  "alpha": "MLI",
  "code": "466"
}, {
  "name": "Malta",
  "alpha": "MLT",
  "code": "470"
}, {
  "name": "Marshall Islands",
  "alpha": "MHL",
  "code": "584"
}, {
  "name": "Martinique",
  "alpha": "MTQ",
  "code": "474"
}, {
  "name": "Mauritania",
  "alpha": "MRT",
  "code": "478"
}, {
  "name": "Mauritius",
  "alpha": "MUS",
  "code": "480"
}, {
  "name": "Mayotte",
  "alpha": "MYT",
  "code": "175"
}, {
  "name": "Mexico",
  "alpha": "MEX",
  "code": "484"
}, {
  "name": "Micronesia (Federated States of)",
  "alpha": "FSM",
  "code": "583"
}, {
  "name": "Moldova, Republic of",
  "alpha": "MDA",
  "code": "498"
}, {
  "name": "Monaco",
  "alpha": "MCO",
  "code": "492"
}, {
  "name": "Mongolia",
  "alpha": "MNG",
  "code": "496"
}, {
  "name": "Montenegro",
  "alpha": "MNE",
  "code": "499"
}, {
  "name": "Montserrat",
  "alpha": "MSR",
  "code": "500"
}, {
  "name": "Morocco",
  "alpha": "MAR",
  "code": "504"
}, {
  "name": "Mozambique",
  "alpha": "MOZ",
  "code": "508"
}, {
  "name": "Myanmar",
  "alpha": "MMR",
  "code": "104"
}, {
  "name": "Namibia",
  "alpha": "NAM",
  "code": "516"
}, {
  "name": "Nauru",
  "alpha": "NRU",
  "code": "520"
}, {
  "name": "Nepal",
  "alpha": "NPL",
  "code": "524"
}, {
  "name": "Netherlands",
  "alpha": "NLD",
  "code": "528"
}, {
  "name": "New Caledonia",
  "alpha": "NCL",
  "code": "540"
}, {
  "name": "New Zealand",
  "alpha": "NZL",
  "code": "554"
}, {
  "name": "Nicaragua",
  "alpha": "NIC",
  "code": "558"
}, {
  "name": "Niger",
  "alpha": "NER",
  "code": "562"
}, {
  "name": "Nigeria",
  "alpha": "NGA",
  "code": "566"
}, {
  "name": "Niue",
  "alpha": "NIU",
  "code": "570"
}, {
  "name": "Norfolk Island",
  "alpha": "NFK",
  "code": "574"
}, {
  "name": "North Macedonia",
  "alpha": "MKD",
  "code": "807"
}, {
  "name": "Northern Mariana Islands",
  "alpha": "MNP",
  "code": "580"
}, {
  "name": "Norway",
  "alpha": "NOR",
  "code": "578"
}, {
  "name": "Oman",
  "alpha": "OMN",
  "code": "512"
}, {
  "name": "Pakistan",
  "alpha": "PAK",
  "code": "586"
}, {
  "name": "Palau",
  "alpha": "PLW",
  "code": "585"
}, {
  "name": "Palestine, State of",
  "alpha": "PSE",
  "code": "275"
}, {
  "name": "Panama",
  "alpha": "PAN",
  "code": "591"
}, {
  "name": "Papua New Guinea",
  "alpha": "PNG",
  "code": "598"
}, {
  "name": "Paraguay",
  "alpha": "PRY",
  "code": "600"
}, {
  "name": "Peru",
  "alpha": "PER",
  "code": "604"
}, {
  "name": "Philippines",
  "alpha": "PHL",
  "code": "608"
}, {
  "name": "Pitcairn",
  "alpha": "PCN",
  "code": "612"
}, {
  "name": "Poland",
  "alpha": "POL",
  "code": "616"
}, {
  "name": "Portugal",
  "alpha": "PRT",
  "code": "620"
}, {
  "name": "Puerto Rico",
  "alpha": "PRI",
  "code": "630"
}, {
  "name": "Qatar",
  "alpha": "QAT",
  "code": "634"
}, {
  "name": "Réunion",
  "alpha": "REU",
  "code": "638"
}, {
  "name": "Romania",
  "alpha": "ROU",
  "code": "642"
}, {
  "name": "Russian Federation",
  "alpha": "RUS",
  "code": "643"
}, {
  "name": "Rwanda",
  "alpha": "RWA",
  "code": "646"
}, {
  "name": "Saint Barthélemy",
  "alpha": "BLM",
  "code": "652"
}, {
  "name": "Saint Helena, Ascension and Tristan da Cunha",
  "alpha": "SHN",
  "code": "654"
}, {
  "name": "Saint Kitts and Nevis",
  "alpha": "KNA",
  "code": "659"
}, {
  "name": "Saint Lucia",
  "alpha": "LCA",
  "code": "662"
}, {
  "name": "Saint Martin (French part)",
  "alpha": "MAF",
  "code": "663"
}, {
  "name": "Saint Pierre and Miquelon",
  "alpha": "SPM",
  "code": "666"
}, {
  "name": "Saint Vincent and the Grenadines",
  "alpha": "VCT",
  "code": "670"
}, {
  "name": "Samoa",
  "alpha": "WSM",
  "code": "882"
}, {
  "name": "San Marino",
  "alpha": "SMR",
  "code": "674"
}, {
  "name": "Sao Tome and Principe",
  "alpha": "STP",
  "code": "678"
}, {
  "name": "Saudi Arabia",
  "alpha": "SAU",
  "code": "682"
}, {
  "name": "Senegal",
  "alpha": "SEN",
  "code": "686"
}, {
  "name": "Serbia",
  "alpha": "SRB",
  "code": "688"
}, {
  "name": "Seychelles",
  "alpha": "SYC",
  "code": "690"
}, {
  "name": "Sierra Leone",
  "alpha": "SLE",
  "code": "694"
}, {
  "name": "Singapore",
  "alpha": "SGP",
  "code": "702"
}, {
  "name": "Sint Maarten (Dutch part)",
  "alpha": "SXM",
  "code": "534"
}, {
  "name": "Slovakia",
  "alpha": "SVK",
  "code": "703"
}, {
  "name": "Slovenia",
  "alpha": "SVN",
  "code": "705"
}, {
  "name": "Solomon Islands",
  "alpha": "SLB",
  "code": "090"
}, {
  "name": "Somalia",
  "alpha": "SOM",
  "code": "706"
}, {
  "name": "South Africa",
  "alpha": "ZAF",
  "code": "710"
}, {
  "name": "South Georgia and the South Sandwich Islands",
  "alpha": "SGS",
  "code": "239"
}, {
  "name": "South Sudan",
  "alpha": "SSD",
  "code": "728"
}, {
  "name": "Spain",
  "alpha": "ESP",
  "code": "724"
}, {
  "name": "Sri Lanka",
  "alpha": "LKA",
  "code": "144"
}, {
  "name": "Sudan",
  "alpha": "SDN",
  "code": "729"
}, {
  "name": "Suriname",
  "alpha": "SUR",
  "code": "740"
}, {
  "name": "Svalbard and Jan Mayen",
  "alpha": "SJM",
  "code": "744"
}, {
  "name": "Sweden",
  "alpha": "SWE",
  "code": "752"
}, {
  "name": "Switzerland",
  "alpha": "CHE",
  "code": "756"
}, {
  "name": "Syrian Arab Republic",
  "alpha": "SYR",
  "code": "760"
}, {
  "name": "Taiwan, Province of China",
  "alpha": "TWN",
  "code": "158"
}, {
  "name": "Tajikistan",
  "alpha": "TJK",
  "code": "762"
}, {
  "name": "Tanzania, United Republic of",
  "alpha": "TZA",
  "code": "834"
}, {
  "name": "Thailand",
  "alpha": "THA",
  "code": "764"
}, {
  "name": "Timor-Leste",
  "alpha": "TLS",
  "code": "626"
}, {
  "name": "Togo",
  "alpha": "TGO",
  "code": "768"
}, {
  "name": "Tokelau",
  "alpha": "TKL",
  "code": "772"
}, {
  "name": "Tonga",
  "alpha": "TON",
  "code": "776"
}, {
  "name": "Trinidad and Tobago",
  "alpha": "TTO",
  "code": "780"
}, {
  "name": "Tunisia",
  "alpha": "TUN",
  "code": "788"
}, {
  "name": "Turkey",
  "alpha": "TUR",
  "code": "792"
}, {
  "name": "Turkmenistan",
  "alpha": "TKM",
  "code": "795"
}, {
  "name": "Turks and Caicos Islands",
  "alpha": "TCA",
  "code": "796"
}, {
  "name": "Tuvalu",
  "alpha": "TUV",
  "code": "798"
}, {
  "name": "Uganda",
  "alpha": "UGA",
  "code": "800"
}, {
  "name": "Ukraine",
  "alpha": "UKR",
  "code": "804"
}, {
  "name": "United Arab Emirates",
  "alpha": "ARE",
  "code": "784"
}, {
  "name": "United Kingdom of Great Britain and Northern Ireland",
  "alpha": "GBR",
  "code": "826"
}, {
  "name": "United States of America",
  "alpha": "USA",
  "code": "840"
}, {
  "name": "United States Minor Outlying Islands",
  "alpha": "UMI",
  "code": "581"
}, {
  "name": "Uruguay",
  "alpha": "URY",
  "code": "858"
}, {
  "name": "Uzbekistan",
  "alpha": "UZB",
  "code": "860"
}, {
  "name": "Vanuatu",
  "alpha": "VUT",
  "code": "548"
}, {
  "name": "Venezuela (Bolivarian Republic of)",
  "alpha": "VEN",
  "code": "862"
}, {
  "name": "Viet Nam",
  "alpha": "VNM",
  "code": "704"
}, {
  "name": "Virgin Islands (British)",
  "alpha": "VGB",
  "code": "092"
}, {
  "name": "Virgin Islands (U.S.)",
  "alpha": "VIR",
  "code": "850"
}, {
  "name": "Wallis and Futuna",
  "alpha": "WLF",
  "code": "876"
}, {
  "name": "Western Sahara",
  "alpha": "ESH",
  "code": "732"
}, {
  "name": "Yemen",
  "alpha": "YEM",
  "code": "887"
}, {
  "name": "Zambia",
  "alpha": "ZMB",
  "code": "894"
}, {
  "name": "Zimbabwe",
  "alpha": "ZWE",
  "code": "716"
}]